name,phone,address,city,state,zip_code,email,website,category,license_number,license_type,license_expiry,types_of_work,bbb_rating,google_rating,review_count,bbb_profile_url,source
"LLB&B, Inc.RealEstate",(251) 342-3200,3315A Old Shell Rd,Mobile,AL,36607,,,Real Estate Agent,,Real Estate Agent,,,A+,,,https://www.bbb.org/us/al/mobile/profile/real-estate/llbb-inc-real-estate-0463-14110,BBB
Brett/RobinsonRealEstateSales,(251) 675-3756,1090 Industrial Pkwy,Saraland,AL,36571,,,Real Estate Agent,,Real Estate Agent,,,A+,,,https://www.bbb.org/us/al/saraland/profile/real-estate/brettrobinson-real-estate-sales-0463-810042,BBB
Mount Eagle Realty LLC,(251) 445-8070,328 S Sage Ave Ste 207,Mobile,AL,36606,,,Real Estate Agent,,Real Estate Agent,,,A+,,,https://www.bbb.org/us/al/mobile/profile/real-estate/mount-eagle-realty-llc-0463-1000002970,BBB
"John Howard Companies, Inc.",(251) 639-1155,6156 Omni Park Dr,Mobile,AL,36609,,,Real Estate Agent,,Real Estate Agent,,,A+,,,https://www.bbb.org/us/al/mobile/profile/custom-home-builder/john-howard-companies-inc-0463-10124,BBB
Blackwell Realty,(251) 626-9570,1203 US Highway 98 Ste 1A,Daphne,AL,36526,,,Real Estate Agent,,Real Estate Agent,,,A+,,,https://www.bbb.org/us/al/daphne/profile/real-estate-agent/blackwell-realty-0463-90195347,BBB
Beck PropertiesRealEstate,(251) 758-2970,6808 Airport Blvd Ste E,Mobile,AL,36608,,,Real Estate Agent,,Real Estate Agent,,,A+,,,https://www.bbb.org/us/al/mobile/profile/real-estate-agent/beck-properties-real-estate-0463-1000026894,BBB
"AnchorRealEstate, LLC",(251) 861-5000,1119 Desoto Ave,Dauphin Island,AL,36528,,,Real Estate Agent,,Real Estate Agent,,,A+,,,https://www.bbb.org/us/al/dauphin-island/profile/real-estate-agent/anchor-real-estate-llc-0463-16000648/addressId/9585,BBB
RE/MAX of Orange Beach,(251) 981-2400,26021 Perdido Beach Blvd,Orange Beach,AL,36561,,,Real Estate Agent,,Real Estate Agent,,,A+,,,https://www.bbb.org/us/al/orange-beach/profile/real-estate/remax-of-orange-beach-0463-173503884,BBB
Milestone Groups LLC,(228) 231-9267,Bay St Louis,Chickasaw,AL,,,,Real Estate Agent,,Real Estate Agent,,,A+,,,https://www.bbb.org/us/ms/bay-st-louis/profile/construction/milestone-groups-llc-0523-235907317,BBB
Corporate Realty,(504) 581-5005,201 Saint Charles Avenue,"Suite 4411 , New Orleans",LA,70170,,,Real Estate Agent,,Real Estate Agent,,,A+,,,https://www.bbb.org/us/la/new-orleans/profile/real-estate/corporate-realty-0985-9001016,BBB
RaymondRealEstateLLC,(504) 256-7877,333 Julia St,"#221 , New Orleans",LA,70130,,,Real Estate Agent,,Real Estate Agent,,,A+,,,https://www.bbb.org/us/la/new-orleans/profile/real-estate-broker/raymond-real-estate-llc-0985-90044312,BBB
REvitalize Property Solutions,(504) 621-1729,New Orleans,Chickasaw,AL,,,,Real Estate Agent,,Real Estate Agent,,,A+,,,https://www.bbb.org/us/la/new-orleans/profile/real-estate-development/revitalize-property-solutions-0985-90016162/addressId/45975,BBB
Demand Realty,(504) 837-3000,709 Aurora Avenue,"Ste. A , Metairie",LA,70005,,,Real Estate Agent,,Real Estate Agent,,,A+,,,https://www.bbb.org/us/la/metairie/profile/real-estate/demand-realty-0985-27000557,BBB
RE/MAX Commercial Brokers Inc,(504) 838-0001,3331 Severn Ave,"Suite 200 , Metairie",LA,70002,,,Real Estate Agent,,Real Estate Agent,,,A+,,,https://www.bbb.org/us/la/metairie/profile/real-estate-broker/remax-commercial-brokers-inc-0985-90041333,BBB
K & B Contractors LLC,(601) 507-7574,Conehatta,Chickasaw,AL,,,,Real Estate Agent,,Real Estate Agent,,,A+,,,https://www.bbb.org/us/ms/conehatta/profile/home-builders/k-b-contractors-llc-0523-235900487,BBB
Database Of Mobile Llc,(251) 433-6004,63 S Dearborn St,Mobile,AL,36602,,,Real Estate Agent,,Real Estate Agent,,,,,,https://www.bbb.org/us/al/mobile/profile/real-estate-agent/database-of-mobile-llc-0463-90125650,BBB
Chippewa Lakes LLC,(251) 438-3528,107 Saint Francis St STE 1970,Mobile,AL,36602,,,Real Estate Agent,,Real Estate Agent,,,,,,https://www.bbb.org/us/al/mobile/profile/real-estate-agent/chippewa-lakes-llc-0463-90193065,BBB
"LeFLORERealEstate, LLC",(251) 378-5026,227 Lexington Ave,Mobile,AL,36603,,,Real Estate Agent,,Real Estate Agent,,,A,,,https://www.bbb.org/us/al/mobile/profile/real-estate-agent/leflore-real-estate-llc-0463-1000031521,BBB
Revitalize Realty,(251) 607-6008,455 S Broad St,Mobile,AL,36603,,,Real Estate Agent,,Real Estate Agent,,,A+,,,https://www.bbb.org/us/al/mobile/profile/property-management/revitalize-realty-0463-90209431,BBB
"Mulherin Realty, Inc.",(251) 343-2774,PO Box 9850,Mobile,AL,36691,,,Real Estate Agent,,Real Estate Agent,,,,,,https://www.bbb.org/us/al/mobile/profile/real-estate-agent/mulherin-realty-inc-0463-90132096/addressId/44744,BBB
PremierRealEstate,(251) 209-9000,1410 Dauphin St,Mobile,AL,36604,,,Real Estate Agent,,Real Estate Agent,,,,,,https://www.bbb.org/us/al/mobile/profile/real-estate-agent/premier-real-estate-0463-90195937,BBB
Superior Home Inspections LLC,(251) 327-5601,PO Box 905,Satsuma,AL,36572,,,Real Estate Agent,,Real Estate Agent,,,A+,,,https://www.bbb.org/us/al/satsuma/profile/home-inspection/superior-home-inspections-llc-0463-90136201,BBB
"Thomas Bealle & Associates, Inc.",(251) 441-7596,5007 Carmel Dr N,Mobile,AL,36608,,,Real Estate Agent,,Real Estate Agent,,,,,,https://www.bbb.org/us/al/mobile/profile/real-estate-agent/thomas-bealle-associates-inc-0463-90136536,BBB
GatewayRealEstate,(251) 679-4004,1088 Industrial Pkwy STE 2,Saraland,AL,36571,,,Real Estate Agent,,Real Estate Agent,,,,,,https://www.bbb.org/us/al/saraland/profile/real-estate-agent/gateway-real-estate-0463-90127792/addressId/44152,BBB
Shundra Barnes Realty - iXLRealEstate,(251) 463-0735,802 HIghway 43 South,Saraland,AL,36571,,,Real Estate Agent,,Real Estate Agent,,,A+,,,https://www.bbb.org/us/al/saraland/profile/real-estate-agent/shundra-barnes-realty-ixl-real-estate-0463-1000033421,BBB
Jackson & Associates Realty,(251) 675-8455,908 Shelton Beach Rd,Saraland,AL,36571,,,Real Estate Agent,,Real Estate Agent,,,A+,,,https://www.bbb.org/us/al/saraland/profile/real-estate-agent/jackson-associates-realty-0463-90129827,BBB
Realty Executives Bay Group,(251) 679-9998,188 Saraland Blvd N,Saraland,AL,36571,,,Real Estate Agent,,Real Estate Agent,,,,,,https://www.bbb.org/us/al/saraland/profile/real-estate-agent/realty-executives-bay-group-0463-90195985,BBB
CainRealEstateCompany,(251) 471-4488,2563 Dauphin St,Mobile,AL,36606,,,Real Estate Agent,,Real Estate Agent,,,,,,https://www.bbb.org/us/al/mobile/profile/real-estate-agent/cain-real-estate-company-0463-181347014,BBB
David D Williams Appraisals Co,(251) 476-7008,1111 E I65 Service Rd S STE 204,Mobile,AL,36606,,,Real Estate Agent,,Real Estate Agent,,,,,,https://www.bbb.org/us/al/mobile/profile/real-estate-agent/david-d-williams-appraisals-co-0463-90125682,BBB
"Merrill P Thomas Co., Inc.",(251) 476-0808,3280 Dauphin St STE C104,Mobile,AL,36606,,,Real Estate Agent,,Real Estate Agent,,,,,,https://www.bbb.org/us/al/mobile/profile/real-estate-agent/merrill-p-thomas-co-inc-0463-90194731,BBB
"Betbeze Realty Co., Inc.",(251) 476-4111,3345 Halls Mill Rd STE B,Mobile,AL,36606,,,Real Estate Agent,,Real Estate Agent,,,A+,,,https://www.bbb.org/us/al/mobile/profile/real-estate-agent/betbeze-realty-co-inc-0463-90122644,BBB
"White-Spunner Realty, Inc.",(251) 471-1000,3201 Dauphin St STE A,Mobile,AL,36606,,,Real Estate Agent,,Real Estate Agent,,,A+,,,https://www.bbb.org/us/al/mobile/profile/commercial-real-estate/white-spunner-realty-inc-0463-3000702,BBB
"Griffin Realty, LLC",(251) 459-0731,Mobile,Chickasaw,AL,,,,Real Estate Agent,,Real Estate Agent,,,A+,,,https://www.bbb.org/us/al/mobile/profile/real-estate-agent/griffin-realty-llc-0463-1000032255,BBB
"Dauphin Creek Realty And Associates, LLC",(251) 345-4660,572 Azalea Rd STE 125,Mobile,AL,36609,,,Real Estate Agent,,Real Estate Agent,,,,,,https://www.bbb.org/us/al/mobile/profile/real-estate/dauphin-creek-realty-and-associates-llc-0463-90213196,BBB
Exit Realty Lyon & Associates,(251) 450-1481,759 Downtowner Loop W,Mobile,AL,36609,,,Real Estate Agent,,Real Estate Agent,,,A+,,,https://www.bbb.org/us/al/mobile/profile/real-estate-agent/exit-realty-lyon-associates-0463-90126928,BBB
"MLB Realty Company, Inc.",(251) 343-1212,524 Boulevard Park W,Mobile,AL,36609,,,Real Estate Agent,,Real Estate Agent,,,A+,,,https://www.bbb.org/us/al/mobile/profile/real-estate-agent/mlb-realty-company-inc-0463-90131746,BBB
"Necole Snider, Realtor",(205) 534-6011,907 Hillcrest Rd Ste J,Mobile,AL,36695,,,Real Estate Agent,,Real Estate Agent,,,,,,https://www.bbb.org/us/al/mobile/profile/real-estate-agent/necole-snider-realtor-0463-90221619,BBB
BellatorRealEstate& Development LLC,(251) 928-0031,32128 Broken Branch Cir,Spanish Fort,AL,36527,,,Real Estate Agent,,Real Estate Agent,,,,,,https://www.bbb.org/us/al/spanish-fort/profile/real-estate-agent/bellator-real-estate-development-llc-0463-90122526,BBB
251homebuyers.com,(251) 706-6395,312 Schillinger Rd S Suite 295,Mobile,AL,36608,,,Real Estate Agent,,Real Estate Agent,,,,,,https://www.bbb.org/us/al/mobile/profile/real-estate-agent/251homebuyerscom-0463-90120353,BBB
Assist-2-sell,(251) 490-3390,3951 Burma Rd,Mobile,AL,36693,,,Real Estate Agent,,Real Estate Agent,,,,,,https://www.bbb.org/us/al/mobile/profile/real-estate/assist-2-sell-0463-90121665,BBB
Chasseur Realty Investors LLC,(251) 219-7720,1164 Skywood Dr,Mobile,AL,36693,,,Real Estate Agent,,Real Estate Agent,,,,,,https://www.bbb.org/us/al/mobile/profile/real-estate-agent/chasseur-realty-investors-llc-0463-90196316,BBB
"Curtis Rentals, LLC",(251) 661-5272,4012 Sedgewick Ct,Mobile,AL,36693,,,Real Estate Agent,,Real Estate Agent,,,,,,https://www.bbb.org/us/al/mobile/profile/real-estate-agent/curtis-rentals-llc-0463-90125399,BBB
Walter-James School ofRealEstate,(251) 525-8488,6157 Airport Blvd Ste 109,Mobile,AL,36608,,,Real Estate Agent,,Real Estate Agent,,,A+,,,https://www.bbb.org/us/al/mobile/profile/real-estate/walter-james-realty-firm-llc-0463-1000001861,BBB
Exit Allstar Realty,(251) 380-0990,6606 Old Shell Rd,Mobile,AL,36608,,,Real Estate Agent,,Real Estate Agent,,,A+,,,https://www.bbb.org/us/al/mobile/profile/real-estate/exit-allstar-realty-0463-90126926,BBB
"Roberts Brothers, Inc.",(251) 344-9220,3601 Springhill Business Park STE 101,Mobile,AL,36608,,,Real Estate Agent,,Real Estate Agent,,,A+,,,https://www.bbb.org/us/al/mobile/profile/real-estate/roberts-brothers-inc-0463-810216,BBB
"Amy Woodruff & Associates, LLC",(251) 591-8059,1535 Schillinger Rd S STE H,Mobile,AL,36695,,,Real Estate Agent,,Real Estate Agent,,,,,,https://www.bbb.org/us/al/mobile/profile/real-estate-agent/amy-woodruff-associates-llc-0463-90120716,BBB
Paula Messer - Associate Broker/RealEstateAgent with iXLRealEstate,(251) 510-6665,907 Hillcrest Road,Mobile,AL,36695,,,Real Estate Agent,,Real Estate Agent,,,A-,,,https://www.bbb.org/us/al/mobile/profile/real-estate-agent/paula-messer-associate-brokerreal-estate-agent-with-ixl-real-estate-0463-1000033495,BBB
iXLRealEstate,(251) 455-1234,1000 Hillcrest Rd # 340B,Mobile,AL,36695,,,Real Estate Agent,,Real Estate Agent,,,,,,https://www.bbb.org/us/al/mobile/profile/real-estate-agent/ixl-real-estate-0463-90197277,BBB
Paula Messer,(251) 666-6465,7430 Brockton Ln N,Mobile,AL,36695,,,Real Estate Agent,,Real Estate Agent,,,,,,https://www.bbb.org/us/al/mobile/profile/real-estate-agent/paula-messer-0463-90142063,BBB
ByrdcoRealEstate,(251) 937-4500,35410 State Highway 59,Stapleton,AL,36578,,,Real Estate Agent,,Real Estate Agent,,,A+,,,https://www.bbb.org/us/al/stapleton/profile/real-estate-agent/byrdco-real-estate-0463-90195998,BBB
RealEstatewith Pleasure,(251) 255-6683,907 Hillcrest Rd Suite J,Mobile,AL,36695,,,Real Estate Agent,,Real Estate Agent,,,A,,,https://www.bbb.org/us/al/mobile/profile/real-estate-agent/real-estate-with-pleasure-0463-1000028871,BBB
Brittney Naylor - EliteRealEstateSolutions,(251) 581-1766,26050 Predazzer Lane,"Suite D , Daphne",AL,36526,,,Real Estate Agent,,Real Estate Agent,,,A-,,,https://www.bbb.org/us/al/daphne/profile/real-estate-agent/brittney-naylor-elite-real-estate-solutions-0463-1000034073,BBB
EliteRealEstateSolutions,(251) 517-0488,Daphne,Chickasaw,AL,,,,Real Estate Agent,,Real Estate Agent,,,A+,,,https://www.bbb.org/us/al/daphne/profile/real-estate-agent/elite-real-estate-solutions-0463-1000029296,BBB
NicholsRealEstate,(251) 604-9705,6351 Monroe St,Daphne,AL,36526,,,Real Estate Agent,,Real Estate Agent,,,,,,https://www.bbb.org/us/al/daphne/profile/real-estate/nichols-real-estate-0463-90175509,BBB
Clint Adam Realtor,(251) 651-2800,26050 Predazzer Ln,Daphne,AL,36526,,,Real Estate Agent,,Real Estate Agent,,,A+,,,https://www.bbb.org/us/al/daphne/profile/real-estate-agent/clint-adam-realtor-0463-1000033355,BBB
Southeast Commercial,(251) 460-1600,1048 Stanton Rd # 1F,Daphne,AL,36526,,,Real Estate Agent,,Real Estate Agent,,,A+,,,https://www.bbb.org/us/al/daphne/profile/real-estate-agent/southeast-commercial-0463-90197079,BBB
Arbors By The Bay,(251) 625-2694,27642 US Highway 98,Daphne,AL,36526,,,Real Estate Agent,,Real Estate Agent,,,,,,https://www.bbb.org/us/al/daphne/profile/apartments/arbors-by-the-bay-0463-90121534,BBB
"SHJ, Inc.",(251) 621-1850,115 Fairway Dr,Daphne,AL,36526,,,Real Estate Agent,,Real Estate Agent,,,,,,https://www.bbb.org/us/al/daphne/profile/real-estate-agent/shj-inc-0463-90135143,BBB
Appraisal & Consultant Group,(251) 479-4572,9082 Independence Ave,Daphne,AL,36526,,,Real Estate Agent,,Real Estate Agent,,,,,,https://www.bbb.org/us/al/daphne/profile/real-estate-agent/appraisal-consultant-group-0463-90121507,BBB
Ashurst NiemeyerRealEstate,(251) 928-9265,PO Box 928,Montrose,AL,36559,,,Real Estate Agent,,Real Estate Agent,,,A+,,,https://www.bbb.org/us/al/montrose/profile/real-estate-agent/ashurst-niemeyer-real-estate-0463-90121646/addressId/42889,BBB
Centerpoint Properties,(251) 653-1804,6450 Trippel Rd,Theodore,AL,36582,,,Real Estate Agent,,Real Estate Agent,,,,,,https://www.bbb.org/us/al/theodore/profile/real-estate-agent/centerpoint-properties-0463-90196001,BBB
Waymaker Properties,(251) 649-8484,12240 Mason Ferry Rd,Wilmer,AL,36587,,,Real Estate Agent,,Real Estate Agent,,,,,,https://www.bbb.org/us/al/wilmer/profile/real-estate-agent/waymaker-properties-0463-235958174,BBB
Gin Duncan Realty,(512) 922-4321,8 South Bancroft Street,Fairhope,AL,36532,,,Real Estate Agent,,Real Estate Agent,,,A,,,https://www.bbb.org/us/al/fairhope/profile/real-estate-agent/gin-duncan-realty-0463-1000030406,BBB
WebbRealEstate,(334) 494-1070,Fairhope,Chickasaw,AL,,,,Real Estate Agent,,Real Estate Agent,,,A-,,,https://www.bbb.org/us/al/fairhope/profile/real-estate-agent/webb-real-estate-0463-1000032490,BBB
McMillan & Associates,(251) 937-9546,PO Box 306,Bay Minette,AL,36507,,,Real Estate Agent,,Real Estate Agent,,,,,,https://www.bbb.org/us/al/bay-minette/profile/real-estate/mcmillan-associates-0463-13520/addressId/2740,BBB
JoAnne KerrRealEstate,(251) 928-8337,PO Box 936,Fairhope,AL,36533,,,Real Estate Agent,,Real Estate Agent,,,A+,,,https://www.bbb.org/us/al/fairhope/profile/real-estate-agent/joanne-kerr-real-estate-0463-90142906/addressId/45970,BBB
"Local Property, Inc.",(251) 270-6400,209 S Section St Ste C,Fairhope,AL,36532,,,Real Estate Agent,,Real Estate Agent,,,,,,https://www.bbb.org/us/al/fairhope/profile/real-estate-agent/local-property-inc-0463-90202709/addressId/62712,BBB
Bay Breeze Realty,(251) 928-4600,20040 State Highway 181,Fairhope,AL,36532,,,Real Estate Agent,,Real Estate Agent,,,,,,https://www.bbb.org/us/al/fairhope/profile/real-estate-agent/bay-breeze-realty-0463-90194685,BBB
Cenman Properties Inc,(618) 632-4507,19054 Ingleside Ave,Fairhope,AL,36532,,,Real Estate Agent,,Real Estate Agent,,,,,,https://www.bbb.org/us/al/fairhope/profile/real-estate-agent/cenman-properties-inc-0463-90192465,BBB
Bayview II,(251) 990-9951,18269 Colony Dr,Fairhope,AL,36532,,,Real Estate Agent,,Real Estate Agent,,,,,,https://www.bbb.org/us/al/fairhope/profile/real-estate-agent/bayview-ii-0463-90122409,BBB
Kaiser Vacation Rentals,(251) 968-6869,10 S Church St,Fairhope,AL,36532,,,Real Estate Agent,,Real Estate Agent,,,B-,,,https://www.bbb.org/us/al/fairhope/profile/real-estate/kaiser-vacation-rentals-0463-12135/addressId/2453,BBB
"LandmarkRealEstateGroup of Alabama, Inc.",(251) 960-1444,368 Commercial Park Dr,Fairhope,AL,36532,,,Real Estate Agent,,Real Estate Agent,,,,,,https://www.bbb.org/us/al/fairhope/profile/association-management/landmark-community-management-0463-90130277,BBB
Baldwin County Association of Realtors,(251) 947-3777,23280 Co Rd 65,Robertsdale,AL,36567,,,Real Estate Agent,,Real Estate Agent,,,,,,https://www.bbb.org/us/al/robertsdale/profile/real-estate-agent/baldwin-county-association-of-realtors-0463-90122035,BBB
"Citronelle Realty, Inc.",(251) 866-2182,PO Box 486,Citronelle,AL,36522,,,Real Estate Agent,,Real Estate Agent,,,A+,,,https://www.bbb.org/us/al/citronelle/profile/real-estate/citronelle-realty-inc-0463-11497,BBB
Belk Development Company,(251) 866-5751,8635 McMillan Rd,Citronelle,AL,36522,,,Real Estate Agent,,Real Estate Agent,,,,,,https://www.bbb.org/us/al/citronelle/profile/real-estate-agent/belk-development-company-0463-90122503,BBB
"BobingerRealEstatea division of Bobinger Realty Group, LLC",(601) 947-4441,18183 Highway 26 W,Lucedale,MS,39452,,,Real Estate Agent,,Real Estate Agent,,,,,,https://www.bbb.org/us/ms/lucedale/profile/real-estate/bobinger-real-estate-a-division-of-bobinger-realty-group-llc-0523-235899278,BBB
Southern Oaks Realty,(228) 355-0423,5605 Highway 614 Ste A,Moss Point,MS,39562,,,Real Estate Agent,,Real Estate Agent,,,A+,,,https://www.bbb.org/us/ms/moss-point/profile/real-estate-agent/southern-oaks-realty-0523-235859428,BBB
Lifehouse Realty and Property Management,(228) 281-0670,3318 Pascagoula St,Pascagoula,MS,39567,,,Real Estate Agent,,Real Estate Agent,,,,,,https://www.bbb.org/us/ms/pascagoula/profile/real-estate-agent/lifehouse-realty-and-property-management-0523-235861597,BBB
SkipperRealEstate,(251) 947-7373,22193 Hwy 59,"Ste D , Robertsdale",AL,36567,,,Real Estate Agent,,Real Estate Agent,,,,,,https://www.bbb.org/us/al/robertsdale/profile/real-estate/skipper-real-estate-0463-11583,BBB
Leland A BaggettRealEstateAppraiser,(251) 947-2700,PO Box 452,Robertsdale,AL,36567,,,Real Estate Agent,,Real Estate Agent,,,A+,,,https://www.bbb.org/us/al/robertsdale/profile/real-estate-agent/leland-a-baggett-real-estate-appraiser-0463-90121987/addressId/42979,BBB
Inshore Realty,(251) 424-1500,22835 State Highway 59 S,Robertsdale,AL,36567,,,Real Estate Agent,,Real Estate Agent,,,A+,,,https://www.bbb.org/us/al/robertsdale/profile/real-estate-agent/inshore-realty-0463-90129555,BBB
Baldwin Realtors,(251) 947-3777,23280 County Road 65,Robertsdale,AL,36567,,,Real Estate Agent,,Real Estate Agent,,,A+,,,https://www.bbb.org/us/al/robertsdale/profile/real-estate-agent/baldwin-realtors-0463-90201996,BBB
Skipper Land Company,(251) 947-7700,PO Box 2322,Robertsdale,AL,36567,,,Real Estate Agent,,Real Estate Agent,,,,,,https://www.bbb.org/us/al/robertsdale/profile/real-estate-agent/skipper-land-company-0463-90169824,BBB
R Evans Realty,(601) 947-2010,2210 Mill St Exn,Lucedale,MS,39452,,,Real Estate Agent,,Real Estate Agent,,,,,,https://www.bbb.org/us/ms/lucedale/profile/real-estate/r-evans-realty-0523-235825728,BBB
Aqua Waters Realty & Management LLC,(251) 600-9525,8715 State Highway 59,Foley,AL,36535,,,Real Estate Agent,,Real Estate Agent,,,A+,,,https://www.bbb.org/us/al/foley/profile/real-estate-agent/aqua-waters-realty-management-llc-0463-90121520,BBB
"Myfavoriteagent.com, LLC",(251) 968-9616,307 S McKenzie St STE 210,Foley,AL,36535,,,Real Estate Agent,,Real Estate Agent,,,,,,https://www.bbb.org/us/al/foley/profile/real-estate-agent/myfavoriteagentcom-llc-0463-90197124,BBB
"Walnut Ridge Valuations, Inc",(561) 493-1534,12762 Hunters Chase,Foley,AL,36535,,,Real Estate Agent,,Real Estate Agent,,,,,,https://www.bbb.org/us/al/foley/profile/real-estate-agent/walnut-ridge-valuations-inc-0463-90145570,BBB
"Lindsey Akins, Keller Williams Realty",(228) 381-0100,17282 River Place Dr,Vancleave,MS,39565,,,Real Estate Agent,,Real Estate Agent,,,A+,,,https://www.bbb.org/us/ms/vancleave/profile/real-estate-agent/lindsey-akins-keller-williams-realty-0523-235893827/addressId/107615,BBB
Brett Ward Homes,61755003700,4761 Highway 99A,MC David,FL,32568,,,Real Estate Agent,,Real Estate Agent,,,,,,https://www.bbb.org/us/fl/mc-david/profile/real-estate-agent/brett-ward-homes-0683-90071332,BBB
Miller Court Corp,(251) 948-4147,20050 Oak Rd E Unit 210,Gulf Shores,AL,36542,,,Real Estate Agent,,Real Estate Agent,,,,,,https://www.bbb.org/us/al/gulf-shores/profile/real-estate-agent/miller-court-corp-0463-90193724,BBB
Karen RoseRealEstate,(256) 335-0184,1517 Regency Rd,Gulf Shores,AL,36542,,,Real Estate Agent,,Real Estate Agent,,,,,,https://www.bbb.org/us/al/gulf-shores/profile/real-estate-agent/karen-rose-real-estate-0463-90194052,BBB
"ReedRealEstate& Construction, Inc.",(251) 540-2306,3358 State Highway 180,Gulf Shores,AL,36542,,,Real Estate Agent,,Real Estate Agent,,,,,,https://www.bbb.org/us/al/gulf-shores/profile/property-management/reed-real-estate-construction-inc-0463-13000260,BBB
MeyerRealEstate,(800) 775-8945,1585 Gulf Shores Pkwy,Gulf Shores,AL,36542,,,Real Estate Agent,,Real Estate Agent,,,A+,,,https://www.bbb.org/us/al/gulf-shores/profile/real-estate/meyer-vacation-rentals-by-vacasa-0463-50229,BBB
Coastal Resort Realty,(251) 968-1777,209 E 16th Ave,Gulf Shores,AL,36542,,,Real Estate Agent,,Real Estate Agent,,,,,,https://www.bbb.org/us/al/gulf-shores/profile/real-estate/coastal-resort-realty-0463-90124720,BBB
Exit Realty Gulf Shores,(251) 974-1288,3725 Gulf Shores Pkwy,Gulf Shores,AL,36542,,,Real Estate Agent,,Real Estate Agent,,,,,,https://www.bbb.org/us/al/gulf-shores/profile/real-estate/exit-realty-gulf-shores-0463-152818197,BBB
Coleman Grau,(850) 449-2782,1401 Yupon Dr,Gulf Shores,AL,36542,,,Real Estate Agent,,Real Estate Agent,,,,,,https://www.bbb.org/us/al/gulf-shores/profile/real-estate-agent/coleman-grau-0463-90124774,BBB
Realsouth Properties,(251) 981-7325,8683 State Highway 180,Gulf Shores,AL,36542,,,Real Estate Agent,,Real Estate Agent,,,,,,https://www.bbb.org/us/al/gulf-shores/profile/real-estate-agent/realsouth-properties-0463-90134021,BBB
Coldwell Banker Coastal Realty,(251) 948-5200,1550 W 2nd St,Gulf Shores,AL,36542,,,Real Estate Agent,,Real Estate Agent,,,A+,,,https://www.bbb.org/us/al/gulf-shores/profile/real-estate-agent/coldwell-banker-coastal-realty-0463-90197517,BBB
Alabama Beach Vacation Rentals,(251) 967-1681,1545 Gulf Shores Pkwy # 227,Gulf Shores,AL,36542,,,Real Estate Agent,,Real Estate Agent,,,A+,,,https://www.bbb.org/us/al/gulf-shores/profile/real-estate-agent/alabama-beach-vacation-rentals-0463-90120937/addressId/42719,BBB
Langley Properties Company,(251) 968-3649,3800 Gulf Shores Pkwy STE 153,Gulf Shores,AL,36542,,,Real Estate Agent,,Real Estate Agent,,,,,,https://www.bbb.org/us/al/gulf-shores/profile/real-estate-agent/langley-properties-company-0463-90193726,BBB
"Kim Ward Realty, LLC",(251) 979-7101,956 Commerce Loop,Gulf Shores,AL,36542,,,Real Estate Agent,,Real Estate Agent,,,A+,,,https://www.bbb.org/us/al/gulf-shores/profile/real-estate-agent/kim-ward-realty-llc-0463-1000033371,BBB
Young's Suncoast Realty and Vacation Rentals,(251) 968-7158,3639 Gulf Shores Pkwy STE 1,Gulf Shores,AL,36542,,,Real Estate Agent,,Real Estate Agent,,,A+,,,https://www.bbb.org/us/al/gulf-shores/profile/vacation-rentals/youngs-suncoast-realty-and-vacation-rentals-0463-201346240,BBB
"Relax On The Beach, Inc.",(251) 269-6766,657 Morgantown Blvd,Gulf Shores,AL,36542,,,Real Estate Agent,,Real Estate Agent,,,A+,,,https://www.bbb.org/us/al/gulf-shores/profile/vacation-rentals/relax-on-the-beach-inc-0463-203128583,BBB
Atmore Housing Authority,(251) 368-8442,PO Box 700,Atmore,AL,36504,,,Real Estate Agent,,Real Estate Agent,,,,,,https://www.bbb.org/us/al/atmore/profile/real-estate-agent/atmore-housing-authority-0463-90121733,BBB
Lydia Franz Century 21 J Carter Company,(251) 978-6160,1585 Gulf Shores Pkwy,Gulf Shores,AL,36542,,,Real Estate Agent,,Real Estate Agent,,,B-,,,https://www.bbb.org/us/al/gulf-shores/profile/real-estate-agent/lydia-franz-century-21-j-carter-company-0463-16000567,BBB
"C West Realty, LLC",(228) 497-3797,4101 Gautier Vancleave Rd Ste 5,Gautier,MS,39553,,,Real Estate Agent,,Real Estate Agent,,,A+,,,https://www.bbb.org/us/ms/gautier/profile/real-estate-agent/c-west-realty-llc-0523-235872758,BBB
Betty Cobb - Coldwell Banker,(228) 990-7436,2000 Highway 90,Gautier,MS,39553,,,Real Estate Agent,,Real Estate Agent,,,A,,,https://www.bbb.org/us/ms/gautier/profile/real-estate-agent/betty-cobb-coldwell-banker-0523-235901380,BBB
Albano Realty,(228) 497-0000,3016 Bemis Avenue,Gautier,MS,39553,,,Real Estate Agent,,Real Estate Agent,,,,,,https://www.bbb.org/us/ms/gautier/profile/real-estate-agent/albano-realty-0523-235836960,BBB
"Bias, Ashley",(251) 948-2015,PO Box 937,Gulf Shores,AL,36547,,,Real Estate Agent,,Real Estate Agent,,,,,,https://www.bbb.org/us/al/gulf-shores/profile/real-estate-agent/bias-ashley-0463-90122682,BBB
"Sugar Sands Realty & Management, Inc.",(251) 974-1672,PO Box 1647,Gulf Shores,AL,36547,,,Real Estate Agent,,Real Estate Agent,,,A+,,,https://www.bbb.org/us/al/gulf-shores/profile/real-estate/sugar-sands-realty-management-inc-0463-13607/addressId/2756,BBB
SouthernRealEstate,(251) 368-4397,800 E Nashville Ave,Atmore,AL,36502,,,Real Estate Agent,,Real Estate Agent,,,A+,,,https://www.bbb.org/us/al/atmore/profile/real-estate-agent/southern-real-estate-0463-90135613,BBB
Atmore Realty,(251) 368-6100,805 N Main St,Atmore,AL,36502,,,Real Estate Agent,,Real Estate Agent,,,,,,https://www.bbb.org/us/al/atmore/profile/real-estate-agent/atmore-realty-0463-90121742,BBB
"Joe West Realty, Inc.",(228) 497-3797,4101 Gautier Vancleave Rd Ste 5,Gautier,MS,39553,,,Real Estate Agent,,Real Estate Agent,,,,,,https://www.bbb.org/us/ms/gautier/profile/real-estate-broker/joe-west-realty-inc-0523-153901431,BBB
"Sandra Walker Payne, Goode Realty, LLC",(256) 339-4193,Orange Beach,Chickasaw,AL,,,,Real Estate Agent,,Real Estate Agent,,,A+,,,https://www.bbb.org/us/al/orange-beach/profile/real-estate-agent/sandra-walker-payne-goode-realty-llc-0463-1000035250,BBB
"Chad Mitchell, Agent",(251) 979-5613,27844 Canal Rd # C,Orange Beach,AL,36561,,,Real Estate Agent,,Real Estate Agent,,,,,,https://www.bbb.org/us/al/orange-beach/profile/real-estate-agent/chad-mitchell-agent-0463-90202543,BBB
Agent Owned Realty,(843) 871-9133,29601 Perdido Beach Blvd,Orange Beach,AL,36561,,,Real Estate Agent,,Real Estate Agent,,,,,,https://www.bbb.org/us/al/orange-beach/profile/real-estate/agent-owned-realty-0463-1000006778,BBB
Atlas GroupRealEstate,(251) 974-3003,25299 Canal Rd STE B,Orange Beach,AL,36561,,,Real Estate Agent,,Real Estate Agent,,,,,,https://www.bbb.org/us/al/orange-beach/profile/real-estate-agent/atlas-group-real-estate-0463-90121716,BBB
"Coastal Properties, LLC",(251) 981-4951,25300 Perdido Beach Blvd # 103,Orange Beach,AL,36561,,,Real Estate Agent,,Real Estate Agent,,,A+,,,https://www.bbb.org/us/al/orange-beach/profile/real-estate-rentals/coastal-properties-llc-0463-90124716,BBB
Ellis Edge Team @Keller Williams Gulf Coast Realty,(251) 233-8282,4725 Main St STE F228,Orange Beach,AL,36561,,,Real Estate Agent,,Real Estate Agent,,,,,,https://www.bbb.org/us/al/orange-beach/profile/real-estate/ellis-edge-team-keller-williams-gulf-coast-realty-0463-90187805,BBB
Picard Realty Rentals,(251) 981-2643,PO Box 2576,Orange Beach,AL,36561,,,Real Estate Agent,,Real Estate Agent,,,,,,https://www.bbb.org/us/al/orange-beach/profile/real-estate-rentals/picard-realty-rentals-0463-90133299/addressId/44911,BBB
Phoenix Condominiums,(251) 960-9003,24132 Perdido Beach Blvd,Orange Beach,AL,36561,,,Real Estate Agent,,Real Estate Agent,,,,,,https://www.bbb.org/us/al/orange-beach/profile/vacation-rentals/phoenix-condominiums-0463-90193048,BBB
RE/MAX CommercialBrokersInc,(504) 838-0001,3331 Severn Ave,"Suite 200 , Metairie",LA,70002,,,Real Estate Agent,,Real Estate Agent,,,A+,,,https://www.bbb.org/us/la/metairie/profile/real-estate-broker/remax-commercial-brokers-inc-0985-90041333,BBB
"Marie Miller, Associate Broker",(251) 609-4992,316 S. McKenzie St,Foley,AL,36535,,,Real Estate Agent,,Real Estate Agent,,,A+,,,https://www.bbb.org/us/al/foley/profile/real-estate/marie-miller-associate-broker-0463-1000032725,BBB
IDiehlRealEstate-RealBroker LLC,(202) 236-7951,Cantonment,Chickasaw,AL,,,,Real Estate Agent,,Real Estate Agent,,,A-,,,https://www.bbb.org/us/fl/cantonment/profile/real-estate-broker/idiehl-real-estate-real-broker-llc-0683-90099904,BBB
Martiny BusinessBrokersInternational,(504) 220-8292,Kenner,Chickasaw,AL,,,,Real Estate Agent,,Real Estate Agent,,,,,,https://www.bbb.org/us/la/kenner/profile/real-estate-consultant/martiny-business-brokers-international-0985-5000221,BBB
Sheridan & CoRealtors/Builder,(251) 460-2828,PO Box 6231,Mobile,AL,36660,,,Real Estate Agent,,Real Estate Agent,,,,,,https://www.bbb.org/us/al/mobile/profile/real-estate/sheridan-co-realtorsbuilder-0463-810227,BBB
"Mobile Area Association ofRealtors, Inc.",(251) 479-8654,2827 Airport Blvd,Mobile,AL,36606,,,Real Estate Agent,,Real Estate Agent,,,,,,https://www.bbb.org/us/al/mobile/profile/associations/mobile-area-association-of-realtors-inc-0463-12000646,BBB
King HarborRealtors,(310) 318-9506,411 Azalea Rd,Mobile,AL,36609,,,Real Estate Agent,,Real Estate Agent,,,,,,https://www.bbb.org/us/al/mobile/profile/real-estate/king-harbor-realtors-0463-1000001899,BBB
"Berkshire Hathaway HomeServices Cooper & Co., Inc.Realtors",(251) 344-5925,413 Azalea Rd STE A,Mobile,AL,36609,,,Real Estate Agent,,Real Estate Agent,,,A+,,,https://www.bbb.org/us/al/mobile/profile/real-estate/berkshire-hathaway-homeservices-cooper-co-inc-realtors-0463-12000418/addressId/7949,BBB
Realtors,(251) 625-0706,9786 Timber Cir # B,Spanish Fort,AL,36527,,,Real Estate Agent,,Real Estate Agent,,,,,,https://www.bbb.org/us/al/spanish-fort/profile/real-estate/realtors-0463-1000005732,BBB
McSwainRealtors,,7451 Mallard Dr,Mobile,AL,36695,,,Real Estate Agent,,Real Estate Agent,,,,,,https://www.bbb.org/us/al/mobile/profile/real-estate/mcswain-realtors-0463-90189398,BBB
ReliableRealtorsLlc,(251) 716-6169,26520 S Holley St # C,Loxley,AL,36551,,,Real Estate Agent,,Real Estate Agent,,,,,,https://www.bbb.org/us/al/loxley/profile/real-estate/reliable-realtors-llc-0463-1000006773,BBB
Baldwin County Association ofRealtors,(251) 947-3777,23280 Co Rd 65,Robertsdale,AL,36567,,,Real Estate Agent,,Real Estate Agent,,,,,,https://www.bbb.org/us/al/robertsdale/profile/real-estate-agent/baldwin-county-association-of-realtors-0463-90122035,BBB
BaldwinRealtors,(251) 947-3777,23280 County Road 65,Robertsdale,AL,36567,,,Real Estate Agent,,Real Estate Agent,,,A+,,,https://www.bbb.org/us/al/robertsdale/profile/real-estate-agent/baldwin-realtors-0463-90201996,BBB
Jennifer Batchelder Realtor,(940) 368-7538,2205 N McKenzie St,Foley,AL,36535,,,Real Estate Agent,,Real Estate Agent,,,,,,https://www.bbb.org/us/al/foley/profile/real-estate/jennifer-batchelder-realtor-0463-1000005942,BBB
Amy Hughes Realtor,(270) 625-6009,9116 Bay Rd S,Foley,AL,36535,,,Real Estate Agent,,Real Estate Agent,,,A+,,,https://www.bbb.org/us/al/foley/profile/real-estate/amy-hughes-realtor-0463-1000007030,BBB
"Jonathan R. Bennett, Realtor",(251) 424-5682,1545 Gulf Shores Pkwy # 146,Gulf Shores,AL,36542,,,Real Estate Agent,,Real Estate Agent,,,,,,https://www.bbb.org/us/al/gulf-shores/profile/real-estate/jonathan-r-bennett-realtor-0463-90214818,BBB
"Coldwell Banker Smith Homes,Realtors",(228) 497-1800,2000 Highway 90,Gautier,MS,39553,,,Real Estate Agent,,Real Estate Agent,,,A+,,,https://www.bbb.org/us/ms/gautier/profile/commercial-real-estate/coldwell-banker-smith-homes-realtors-0523-235875142,BBB
Shannon Young Realtor® with Coldwell Banker Coastal Realty,(251) 800-2509,Lillian,Chickasaw,AL,,,,Real Estate Agent,,Real Estate Agent,,,A-,,,https://www.bbb.org/us/al/lillian/profile/real-estate/shannon-young-realtor%C2%AE-with-coldwell-banker-coastal-realty-0463-1000034022,BBB
Jane Betty Combs - Realtor,(770) 355-1315,Pensacola,Chickasaw,AL,,,,Real Estate Agent,,Real Estate Agent,,,A-,,,https://www.bbb.org/us/fl/pensacola/profile/real-estate-agent/jane-betty-combs-realtor-0683-90098532,BBB
Jim Gerace - Realtor,(985) 789-2484,Pearl River,Chickasaw,AL,,,,Real Estate Agent,,Real Estate Agent,,,A,,,https://www.bbb.org/us/la/pearl-river/profile/real-estate-agent/jim-gerace-realtor-0985-90043028,BBB
Sunny Veal New Orleans Realtor,(504) 358-9994,Epique Realty,"1428 Gause BIvd. Suite 102 , Slidell",LA,70458,,,Real Estate Agent,,Real Estate Agent,,,A-,,,https://www.bbb.org/us/la/slidell/profile/real-estate-rentals/sunny-veal-new-orleans-realtor-0985-90044399,BBB
"Archie McDonald Investments, LLCRealtors",(504) 242-0250,7921 Bullard Ave,"Suite 2B , New Orleans",LA,70128,,,Real Estate Agent,,Real Estate Agent,,,A+,,,https://www.bbb.org/us/la/new-orleans/profile/real-estate/archie-mcdonald-investments-llc-realtors-0985-90014832,BBB
Brian Clowdus Realtor,(256) 504-3799,Inlet Beach,Chickasaw,AL,,,,Real Estate Agent,,Real Estate Agent,,,A,,,https://www.bbb.org/us/fl/inlet-beach/profile/real-estate/brian-clowdus-realtor-0683-90105732,BBB
"New Orleans Relocation, LLC - Local Realtor Experts",(504) 655-2233,1615 Poydras St.,"Ste. 945 , New Orleans",LA,70112,,,Real Estate Agent,,Real Estate Agent,,,A+,,,https://www.bbb.org/us/la/new-orleans/profile/real-estate-services/new-orleans-relocation-llc-local-realtor-experts-0985-90005855,BBB
Tiffany & CourtneyRealtors,(504) 289-4696,3197 Richland Ave,Metaire,LA,70002,,,Real Estate Agent,,Real Estate Agent,,,A+,,,https://www.bbb.org/us/la/metaire/profile/real-estate/tiffany-courtney-realtors-0985-90007361,BBB
Albert PumilaRealtorsSales and Appriasals,,2821 Kingman Street,"Suite A , Metairie",LA,70006,,,Real Estate Agent,,Real Estate Agent,,,A+,,,https://www.bbb.org/us/la/metairie/profile/appraiser/albert-pumila-realtors-sales-and-appriasals-0985-90000922,BBB
WeichertRealtors- Anchor,(850) 899-7999,120 Richard Jackson Blvd.,"Suite 215 , Panama City Beach",FL,32407,,,Real Estate Agent,,Real Estate Agent,,,,,,https://www.bbb.org/us/fl/panama-city-beach/profile/real-estate/anchor-realty-mortgage-co-0683-90003235/addressId/7659,BBB
"Daniel Atchison, REALTOR® at Keller Williams Montgomery",(404) 759-7238,Prattville,Chickasaw,AL,,,,Real Estate Agent,,Real Estate Agent,,,A+,,,https://www.bbb.org/us/al/prattville/profile/real-estate-agent/daniel-atchison-realtor%C2%AE-at-keller-williams-montgomery-0463-1000033438,BBB
Top Tier Realtor,(334) 354-9337,507 Cloverdale Road,"Suite 101 , Montgomery",AL,36106,,,Real Estate Agent,,Real Estate Agent,,,A,,,https://www.bbb.org/us/al/montgomery/profile/real-estate-broker/top-tier-realtor-0463-1000033628,BBB
Regions Financial Corporation,(800) 734-4667,524 S Wilson Ave,Prichard,AL,36610,,,Real Estate Agent,,Real Estate Agent,,,A+,,,https://www.bbb.org/us/al/prichard/profile/bank/regions-financial-corporation-0463-1000/addressId/287,BBB
Meridian At The Port,(336) 275-9511,300 N Water St,Mobile,AL,36602,,,Real Estate Agent,,Real Estate Agent,,,A+,,,https://www.bbb.org/us/al/mobile/profile/apartments/meridian-at-the-port-0463-90216621/addressId/67230,BBB
Southern Energy Credit Union,(205) 226-6800,150 St Joseph St,Mobile,AL,36602,,,Real Estate Agent,,Real Estate Agent,,,A+,,,https://www.bbb.org/us/al/mobile/profile/credit-union/southern-energy-credit-union-0463-55000639/addressId/15843,BBB
Dentons Sirote PC,(205) 930-5100,One Saint Louis St Ste 1000,Mobile,AL,36602,,,Real Estate Agent,,Real Estate Agent,,,A+,,,https://www.bbb.org/us/al/mobile/profile/lawyers/dentons-sirote-pc-0463-1514/addressId/586,BBB
"Larson & McGowin, LLC",(251) 438-4581,PO Box 2143,Mobile,AL,36652,,,Real Estate Agent,,Real Estate Agent,,,A+,,,https://www.bbb.org/us/al/mobile/profile/forester-consulting/larson-mcgowin-llc-0463-8000304/addressId/7468,BBB
New Horizons Credit Union,(251) 316-3240,PO Box 2966,Mobile,AL,36652,,,Real Estate Agent,,Real Estate Agent,,,A+,,,https://www.bbb.org/us/al/mobile/profile/credit-union/new-horizons-credit-union-0463-810316/addressId/3649,BBB
"Cloud & Willis, LLC",(251) 545-4844,61 Saint Joseph St Ste 800,Mobile,AL,36602,,,Real Estate Agent,,Real Estate Agent,,,A+,,,https://www.bbb.org/us/al/mobile/profile/lawyers/cloud-willis-llc-0463-90026485/addressId/100652,BBB
Heartland Buys LLC,(251) 325-1091,Mobile,Chickasaw,AL,,,,Real Estate Agent,,Real Estate Agent,,,A,,,https://www.bbb.org/us/al/mobile/profile/real-estate-investing/heartland-buys-llc-0463-1000034717,BBB
GMFS Mortgage,(251) 408-3485,3607 Old Shell Rd Ste 7,Mobile,AL,36608,,,Real Estate Agent,,Real Estate Agent,,,A+,,,https://www.bbb.org/us/al/mobile/profile/mortgage-lenders/gmfs-mortgage-0463-90165076/addressId/51194,BBB
"Yellowhammer Investment Group, LLC",(251) 220-5960,15 S Florida St,Mobile,AL,36606,,,Real Estate Agent,,Real Estate Agent,,,A+,,,https://www.bbb.org/us/al/mobile/profile/real-estate-investing/yellowhammer-investment-group-llc-0463-90148835,BBB
First Federal Bank,(251) 344-5626,6353 Piccadilly Square Dr,Mobile,AL,36609,,,Real Estate Agent,,Real Estate Agent,,,A+,,,https://www.bbb.org/us/al/mobile/profile/mortgage-banker/first-federal-bank-0463-3214/addressId/1022,BBB
America's First Federal Credit Union,(205) 320-4000,1050 Montlimar Dr,Mobile,AL,36609,,,Real Estate Agent,,Real Estate Agent,,,A+,,,https://www.bbb.org/us/al/mobile/profile/credit-union/americas-first-federal-credit-union-0463-1135/addressId/416,BBB
All In Credit Union,(334) 598-4411,750 Downtowner Blvd STE A,Mobile,AL,36609,,,Real Estate Agent,,Real Estate Agent,,,A+,,,https://www.bbb.org/us/al/mobile/profile/credit-union/all-in-credit-union-0463-14497/addressId/3011,BBB
Bryant Bank,(205) 464-4646,6151 Airport Blvd,Mobile,AL,36608,,,Real Estate Agent,,Real Estate Agent,,,A+,,,https://www.bbb.org/us/al/mobile/profile/bank/bryant-bank-0463-90001798/addressId/109475,BBB
Heron Lake,(336) 275-9511,1164 Skywood Dr,Mobile,AL,36693,,,Real Estate Agent,,Real Estate Agent,,,A+,,,https://www.bbb.org/us/al/mobile/profile/apartments/heron-lake-0463-1000027271/addressId/109230,BBB
Timber Ridge Apartments,(336) 275-9511,6700 Wall St,Mobile,AL,36695,,,Real Estate Agent,,Real Estate Agent,,,A+,,,https://www.bbb.org/us/al/mobile/profile/apartments/timber-ridge-apartments-0463-90116154/addressId/40760,BBB
"Prime Coastal Properties, LLC",(251) 802-1923,1210 Hillcrest Rd,Mobile,AL,36695,,,Real Estate Agent,,Real Estate Agent,,,A+,,,https://www.bbb.org/us/al/mobile/profile/property-management/prime-coastal-properties-llc-0463-1000002097,BBB
Park West Apartments,(336) 275-9511,1663 Hillcrest Rd,Mobile,AL,36695,,,Real Estate Agent,,Real Estate Agent,,,A+,,,https://www.bbb.org/us/al/mobile/profile/apartments/park-west-apartments-0463-5000007/addressId/6862,BBB
Windscape Apartments,(251) 626-1414,27670 US Highway 98,Daphne,AL,36526,,,Real Estate Agent,,Real Estate Agent,,,A+,,,https://www.bbb.org/us/al/daphne/profile/property-management/windscape-apartments-0463-90137982/addressId/45524,BBB
Christian & Small LLP,(205) 795-6588,1 Timber Way Ste 101,Daphne,AL,36527,,,Real Estate Agent,,Real Estate Agent,,,A+,,,https://www.bbb.org/us/al/daphne/profile/lawyers/christian-small-llp-0463-50002189/addressId/112046,BBB
Tower Homes,(205) 970-2363,29891 Woodrow Ln Ste 200,Daphne,AL,36527,,,Real Estate Agent,,Real Estate Agent,,,A+,,,https://www.bbb.org/us/al/daphne/profile/real-estate-development/tower-homes-0463-16001838/addressId/127157,BBB
Hapa Homebuyers,(251) 312-5100,2200 US-98 Suite 4-351,Daphne,AL,36526,,,Real Estate Agent,,Real Estate Agent,,,A+,,,https://www.bbb.org/us/al/daphne/profile/home-buyers/hapa-homebuyers-0463-1000027015/addressId/131424,BBB
"Advance Mortgage & Investment Company, LLC",(877) 621-3557,30500 State Highway 181 Ste 460,Spanish Fort,AL,36527,,,Real Estate Agent,,Real Estate Agent,,,A+,,,https://www.bbb.org/us/al/spanish-fort/profile/mortgage-banker/advance-mortgage-investment-company-llc-0463-16001399,BBB
"Adams Homes, LLC",(850) 934-0470,26050 Equity Dr STE A,Daphne,AL,36526,,,Real Estate Agent,,Real Estate Agent,,,A+,,,https://www.bbb.org/us/al/daphne/profile/home-builders/adams-homes-llc-0463-8000396/addressId/7512,BBB
"Benchmark Home Group, LLC",(251) 473-8600,2212 Main St,Daphne,AL,36526,,,Real Estate Agent,,Real Estate Agent,,,A+,,,https://www.bbb.org/us/al/daphne/profile/home-builders/benchmark-home-group-llc-0463-11717,BBB
"Fidelity Resource Management, LLC",(251) 929-4484,500 Fairhope Ave,Fairhope,AL,36532,,,Real Estate Agent,,Real Estate Agent,,,A+,,,https://www.bbb.org/us/al/fairhope/profile/timeshare-cancellation/fidelity-resource-management-llc-0463-163506607/addressId/127337,BBB
Bay Mortgage Corporation,(251) 928-2240,7549 Assunta Ct,Fairhope,AL,36532,,,Real Estate Agent,,Real Estate Agent,,,A+,,,https://www.bbb.org/us/al/fairhope/profile/mortgage-broker/bay-mortgage-corporation-0463-50568,BBB
SouthState Bank,(251) 929-7700,457 Magnolia Ave,Fairhope,AL,36532,,,Real Estate Agent,,Real Estate Agent,,,A+,,,https://www.bbb.org/us/al/fairhope/profile/bank/southstate-bank-0463-16002702/addressId/10379,BBB
Legacy Property Management and Development LLC,(251) 200-2421,1422 Majesty Loop,Foley,AL,36535,,,Real Estate Agent,,Real Estate Agent,,,A+,,,https://www.bbb.org/us/al/foley/profile/property-management/legacy-property-management-and-development-llc-0463-1000000183,BBB
Park Place at Foley,(251) 943-2277,400 Park Ave,Foley,AL,36535,,,Real Estate Agent,,Real Estate Agent,,,A+,,,https://www.bbb.org/us/al/foley/profile/property-management/park-place-at-foley-0463-164116380/addressId/70308,BBB
Bender Vacation Rentals,(251) 948-2651,956 W Beach Blvd,Gulf Shores,AL,36542,,,Real Estate Agent,,Real Estate Agent,,,A+,,,https://www.bbb.org/us/al/gulf-shores/profile/vacation-rentals/bender-vacation-rentals-0463-13283,BBB
"Spectrum Resorts, LLC",(251) 224-2500,925 Beach Club Trl,Gulf Shores,AL,36542,,,Real Estate Agent,,Real Estate Agent,,,A+,,,https://www.bbb.org/us/al/gulf-shores/profile/property-management/spectrum-resorts-llc-0463-90135723,BBB
"Alabama Vacation Home Rentals, LLC",(251) 333-6500,3817 Gulf Shores Pkwy Unit 6A,Gulf Shores,AL,36542,,,Real Estate Agent,,Real Estate Agent,,,A+,,,https://www.bbb.org/us/al/gulf-shores/profile/vacation-rentals/alabama-vacation-home-rentals-llc-0463-90187407,BBB
The Citizens Bank,(601) 656-4692,1519 Jackson Ave,Pascagoula,MS,39567,,,Real Estate Agent,,Real Estate Agent,,,A+,,,https://www.bbb.org/us/ms/pascagoula/profile/bank/the-citizens-bank-0523-13000244/addressId/78424,BBB
"Faith Construction and Remodeling, LLC",(251) 259-7422,19565 Old River Rd,Seminole,AL,36574,,,Real Estate Agent,,Real Estate Agent,,,A-,,,https://www.bbb.org/us/al/seminole/profile/building-contractors/faith-construction-and-remodeling-llc-0463-90188864,BBB
Summer Trace at Gulf Shores,(251) 968-1700,330 W Fort Morgan Rd,Gulf Shores,AL,36542,,,Real Estate Agent,,Real Estate Agent,,,A+,,,https://www.bbb.org/us/al/gulf-shores/profile/property-management/summer-trace-at-gulf-shores-0463-90136106/addressId/45297,BBB
Gulf Shores Condos,(251) 752-2366,23044 Perdido Beach Blvd,Orange Beach,AL,36561,,,Real Estate Agent,,Real Estate Agent,,,A+,,,https://www.bbb.org/us/al/orange-beach/profile/vacation-rentals/gulf-shores-condos-0463-90011698,BBB
Moe Buys Homes LLC,(251) 299-9632,23776G W Cypress Way,Orange Beach,AL,36561,,,Real Estate Agent,,Real Estate Agent,,,A+,,,https://www.bbb.org/us/al/orange-beach/profile/real-estate-investing/moe-buys-homes-llc-0463-90212245,BBB
Grand Welcome Orange Beach Vacation Rental Property Management,(251) 220-9225,27267 Perdido Beach Blvd Ste 208A,Orange Beach,AL,36561,,,Real Estate Agent,,Real Estate Agent,,,A,,,https://www.bbb.org/us/al/orange-beach/profile/property-management/grand-welcome-orange-beach-vacation-rental-property-management-0463-1000030994,BBB
"Quality Properties of Northwest Florida, LLC",(850) 346-4995,Pensacola,Chickasaw,AL,,,,Real Estate Agent,,Real Estate Agent,,,A+,,,https://www.bbb.org/us/fl/pensacola/profile/home-buyers/quality-properties-of-northwest-florida-llc-0683-90064784,BBB
"French Investments, LLC",(850) 341-3230,Pensacola,Chickasaw,AL,,,,Real Estate Agent,,Real Estate Agent,,,A+,,,https://www.bbb.org/us/fl/pensacola/profile/real-estate-investing/french-investments-llc-0683-90086627,BBB
Mullet Man Buys Houses,(850) 607-3207,Pensacola,Chickasaw,AL,,,,Real Estate Agent,,Real Estate Agent,,,A+,,,https://www.bbb.org/us/fl/pensacola/profile/real-estate-investing/mullet-man-buys-houses-0683-90079637,BBB
"Coastal Link Properties, LLC",(251) 504-6642,Pensacola,Chickasaw,AL,,,,Real Estate Agent,,Real Estate Agent,,,A+,,,https://www.bbb.org/us/fl/pensacola/profile/vacation-rentals/coastal-link-properties-llc-0683-90103763,BBB
"Gulf Coast Property Management Co., Inc.",(850) 465-0083,Pensacola,Chickasaw,AL,,,,Real Estate Agent,,Real Estate Agent,,,A+,,,https://www.bbb.org/us/fl/pensacola/profile/property-management/gulf-coast-property-management-co-inc-0683-90009549,BBB
White Squirrel Home Buyers,(850) 380-9752,Pensacola,Chickasaw,AL,,,,Real Estate Agent,,Real Estate Agent,,,A,,,https://www.bbb.org/us/fl/pensacola/profile/real-estate-investing/white-squirrel-home-buyers-0683-90100359,BBB
"Bellcore Commercial, LLC",(850) 434-3434,17 W Cedar St,"Suite 2 , Pensacola",FL,32502,,,Real Estate Agent,,Real Estate Agent,,,A+,,,https://www.bbb.org/us/fl/pensacola/profile/property-management/bellcore-commercial-llc-0683-3001534,BBB
"Adams Homes of Northwest Florida, Inc.",(850) 934-0470,100 W Garden St.,"2nd Floor , Pensacola",FL,32502,,,Real Estate Agent,,Real Estate Agent,,,A+,,,https://www.bbb.org/us/fl/pensacola/profile/home-builders/adams-homes-of-northwest-florida-inc-0683-1000319,BBB
BOYA Development Construction,(850) 710-0414,Navarre,Chickasaw,AL,,,,Real Estate Agent,,Real Estate Agent,,,A+,,,https://www.bbb.org/us/fl/navarre/profile/general-contractor/boya-development-construction-0683-90098505,BBB
PMI C-Shell Property Management,(850) 760-0813,Gulf Breeze,Chickasaw,AL,,,,Real Estate Agent,,Real Estate Agent,,,A+,,,https://www.bbb.org/us/fl/gulf-breeze/profile/property-management/pmi-c-shell-property-management-0683-90081161,BBB
Art Eye View Productions LLC,(877) 823-8669,Gulf Breeze,Chickasaw,AL,,,,Real Estate Agent,,Real Estate Agent,,,A+,,,https://www.bbb.org/us/fl/gulf-breeze/profile/real-estate-photography/art-eye-view-productions-llc-0683-90059648,BBB
